<?xml version="1.0"?>
<!--<!DOCTYPE metadata SYSTEM "http://www.esri.com/metadata/esriprof80.dtd">-->
<metadata xml:lang="es"><Esri><CreaDate>20131031</CreaDate><CreaTime>13152800</CreaTime><SyncOnce>TRUE</SyncOnce><MetaID>{EA25FDC3-B008-4A5A-8285-56B9382DE740}</MetaID></Esri><idinfo><citation><citeinfo><onlink Sync="TRUE">\\psf\Home\Dropbox\MS\ms_ontologias\geoinfo\robledal_poblaciones</onlink></citeinfo></citation></idinfo><distInfo><distributor><distorTran><onLineSrc><linkage Sync="TRUE">file://\\psf\Home\Dropbox\MS\ms_ontologias\geoinfo\robledal_poblaciones</linkage><protocol Sync="TRUE">Local Area Network</protocol></onLineSrc></distorTran></distributor></distInfo><dataqual><lineage><procstep><procdesc Sync="TRUE">Dataset copied.</procdesc><srcused Sync="TRUE">F:\TESINA\3_GEOINFO\0_GEOINFO_GRAL\SHP_ROBLEDAL\robledal_poblaciones</srcused><procdate Sync="TRUE">20130523</procdate><proctime Sync="TRUE">18515500</proctime></procstep><procstep><procdesc Sync="TRUE">Dataset copied.</procdesc><srcused Sync="TRUE">Y:\Dropbox\MS\MS_QUERCUS_ENVIRON\2_FIGURES\0_geoinfo\robledal_poblaciones</srcused><procdate Sync="TRUE">20131031</procdate><proctime Sync="TRUE">13152900</proctime></procstep></lineage></dataqual></metadata>
